{
    "sources": [
        {
            "author": [
                {
                    "family": "Kour",
                    "given": "George"
                },
                {
                    "family": "Saabne",
                    "given": "Raid"
                }
            ],
            "container-title": "Frontiers in handwriting recognition (ICFHR), 2014 14th international conference on",
            "id": "kour2014real",
            "issued": {
                "date-parts": [
                    [
                        2014
                    ]
                ]
            },
            "page": "417-422",
            "publisher": "IEEE",
            "title": "Real-time segmentation of on-line handwritten arabic script",
            "type": "paper-conference"
        },
        {
            "author": [
                {
                    "family": "Kour",
                    "given": "George"
                },
                {
                    "family": "Saabne",
                    "given": "Raid"
                }
            ],
            "container-title": "Soft computing and pattern recognition (SoCPaR), 2014 6th international conference of",
            "id": "kour2014fast",
            "issued": {
                "date-parts": [
                    [
                        2014
                    ]
                ]
            },
            "page": "312-318",
            "publisher": "IEEE",
            "title": "Fast classification of handwritten on-line arabic characters",
            "type": "paper-conference"
        },
        {
            "author": [
                {
                    "family": "Hadash",
                    "given": "Guy"
                },
                {
                    "family": "Kermany",
                    "given": "Einat"
                },
                {
                    "family": "Carmeli",
                    "given": "Boaz"
                },
                {
                    "family": "Lavi",
                    "given": "Ofer"
                },
                {
                    "family": "Kour",
                    "given": "George"
                },
                {
                    "family": "Jacovi",
                    "given": "Alon"
                }
            ],
            "container-title": "arXiv preprint arXiv:1804.09028",
            "id": "hadash2018estimate",
            "issued": {
                "date-parts": [
                    [
                        2018
                    ]
                ]
            },
            "title": "Estimate and replace: A novel approach to integrating deep neural networks with existing applications",
            "title-short": "Estimate and replace",
            "type": "article-journal"
        }
    ],
    "project_biblios": []
}